x,y,"F1(x, y)"
-0.250919762305275,3.057245355408654,-28.206130776853765
0.9014286128198323,2.9375456328891927,-19.842172639685465
0.4639878836228102,1.576926197419307,-3.1424705713001244
0.1973169683940732,2.5237434828784693,-15.87023071374442
-0.687962719115127,2.6405868563575714,-16.238083943946865
-0.6880109593275947,2.6964683426907015,-17.37874432480197
-0.8838327756636011,3.2405171076819967,-29.65619979060289
0.7323522915498704,3.1008076401806353,-26.095327005082034
0.2022300234864176,3.323715278380334,-36.437228937152284
0.416145155592091,3.794649784626385,-53.254197615481885
-0.9588310114083951,3.9389572161482804,-54.75332643065524
0.9398197043239886,3.6543692286794833,-41.51633090532066
0.6648852816008435,4.366571087864804,-79.10255341570442
-0.5753217786434477,1.554697748029085,-2.9190706350577074
-0.6363500655857988,2.0873339570506384,-7.6616255158907
-0.6331909802931324,1.5226886249344265,-2.563356566388629
-0.39151551408092455,3.442424142463809,-39.79837705288698
0.04951286326447568,4.1940916468499605,-73.75508438237273
-0.13610996271576847,2.230446889728898,-11.016114742508835
-0.4175417196039162,4.28110363438892,-77.043468239087
0.22370578944475894,1.6808021708686827,-4.569003119904836
-0.7210122786959163,4.303308080416543,-75.59124059628107
-0.4157107029295637,2.5548680617189032,-15.865320292419701
-0.2672763134126166,1.8042624853476497,-5.6348420100209
-0.08786003156592814,2.957615277558977,-25.826720816238254
0.5703519227860272,2.270329703161524,-10.039561812014984
-0.6006524356832805,2.3546187058857684,-11.572236856783269
0.02846887682722321,2.42186989477886,-14.201417133714925
0.18482913772408494,3.9090776934979905,-59.460783597249915
-0.9070991745600046,3.1174838300257637,-25.91398279648726
0.21508970380287673,2.433923097468011,-14.18336093820037
-0.6589517526254169,3.3310013499327553,-34.35272937765763
-0.869896814029441,3.6484520226695807,-43.70183453723192
0.8977710745066665,2.3178720022006014,-7.99286442385282
0.9312640661491187,2.7406473045760547,-15.024097340391185
0.6167946962329223,1.8656582800108428,-4.839584250037317
-0.39077246165325863,2.043448048604041,-7.968375399947825
-0.8046557719872323,3.5433535618949485,-40.420614448806106
0.3684660530243138,2.044315043086881,-7.938522875600315
-0.1196950125207974,3.0754901510011807,-29.00354354636366
-0.7559235303104423,3.627138785167298,-44.0058383441028
-0.00964617977745963,1.8206307692842314,-6.03450033575765
-0.9312229577695632,3.2019366588867104,-28.08177804736011
0.8186408041575641,2.269688351104091,-8.10146856084479
-0.48244003679996617,4.388780625712739,-82.60336277055241
0.32504456870796394,2.9506369401597743,-25.031172232984776
-0.3765778478211781,3.9179776493254743,-59.08528649400357
0.040136042355621626,3.1506796264687855,-31.265894619309698
0.0934205586865593,1.6302375985644575,-4.303370310493537
-0.6302910889489459,3.399454126782067,-36.83448500416932
0.9391692555291171,4.354210026619971,-74.0425500929926
0.5502656467222291,3.3048354604389933,-33.92723255220052
0.8789978831283782,3.9575665782803706,-55.19005302171879
0.7896547008552977,4.152619390045223,-65.93763559439553
0.19579995762217028,2.1842393158467974,-10.245806791971587
0.8437484700462337,2.13613451972468,-6.105181208576521
-0.823014995896161,3.332942966552975,-33.06633618346922
-0.6080342751617096,2.7330854094201142,-18.61940006643383
-0.9095454221789239,4.019583908600161,-59.04649426108561
-0.3493393384734713,4.200069370194034,-73.1091678880021
-0.22264542062103598,2.5602641379081543,-16.53961682909229
-0.4573019364522082,2.2106116769234463,-9.973870646079243
0.6574750183038587,3.8415765457315856,-53.08744230646704
-0.28649334661282144,2.3244181066444085,-12.200589707720875
-0.4381309806252385,3.9678429555410353,-61.029616200388666
0.08539216631649693,2.7712147609462887,-21.24087040780772
-0.7181515500504747,3.5026496978744115,-39.729906138484864
0.6043939615080793,1.7866059415040045,-4.1767298650835585
-0.8508987126404584,3.371577974029719,-34.06037798765047
0.9737738732010346,2.855303036211687,-16.940220593655653
0.5444895385933148,3.2598253895264224,-32.546111617204346
-0.6025686369316552,2.0040426232345903,-6.812104110140172
-0.9889557657527952,3.7106212348325465,-44.79947559016198
0.6309228569096683,4.088391232629686,-64.83119854713651
0.41371468769523423,2.150219400272327,-9.134544073715535
0.4580143360819746,1.7871436665604852,-4.862042174923724
0.5425406933718915,1.5709157581390092,-2.7921722590797287
-0.8519106965318193,3.425914501329798,-35.85513051564888
-0.2830685429114548,3.321282108266342,-36.12720770748848
-0.7682618809497406,3.14009223814221,-27.708590596701328
0.726206851751187,2.195841288347926,-7.888675522086823
0.24659625365511584,2.672717987716544,-18.75230111039204
-0.3382039502947016,3.283429005558519,-34.685894219387464
-0.8728832994279527,2.990300576577508,-22.847262139207277
-0.3780353565686756,4.463356560644662,-87.69529108186947
-0.3496333559465059,1.9093192576701994,-6.53636013146705
0.45921235667612814,3.5854336621427816,-44.48294862275657
0.27511494271042625,2.7129563043128764,-19.536215569148784
0.7744254851526531,2.7845988447768444,-17.78726183966007
-0.05557014967610141,3.6527932969745285,-48.71646320417713
-0.7608115081233966,3.577308453973109,-42.07834907449362
0.42648957444599,4.473767981106565,-87.83560343097533
0.5215700972337949,1.8851828683623757,-5.532220294575559
0.12255439513899247,1.8123289481524991,-5.89637851215815
0.541934359909122,3.6730164513862236,-47.236208463798654
-0.012408807271218514,3.2351607510192273,-33.8590556328493
0.045465658763988115,2.3224819996794177,-12.517592526664949
-0.14491796328290074,1.7382581069669598,-5.182250952392504
-0.9491617465118096,1.7569747487892915,-3.1130733839819404
-0.7842171460133911,4.182572623992355,-68.50732026519972
-0.9371416286265315,2.075601974156229,-6.119249559839819
0.2728208225275608,2.4701146863465624,-14.683308579289928
-0.37128803784734665,2.179969206680964,-9.809938351792606
0.01714138232940554,2.564988917495812,-16.87398102054192
0.815132947852186,1.70827152823828,-2.17336155434847
-0.5014155417022501,3.057179372724811,-27.162262933314594
-0.17923415392874054,1.7028376907766447,-4.833994826071389
0.5111022770860973,3.9010695234670845,-57.19618480600788
-0.5424036690167551,2.2011362457312993,-9.528926686080359
-0.846040180342414,3.1200357438135318,-26.511410611890753
-0.42049709417246395,4.140237262684375,-69.58036049547047
-0.6775574254919912,3.4526321071415826,-38.29864174144335
0.8593953046851461,3.098873359654006,-24.546405904257284
0.6162407591288339,2.473001259346127,-13.011944168664389
0.26680751302084693,2.499005739174594,-15.231582307017572
0.7429211803754354,3.5084608655945706,-38.90378438324367
0.6073441537982289,4.482418083663503,-86.53020563485347
-0.6268598822279283,3.485517569548136,-39.852005242893966
0.7851179969799555,3.1733502521100747,-27.559992662849332
0.07868448383130144,3.691951530717738,-50.27696514925325
0.6148803103281251,2.8956168368511546,-21.856570398787593
0.7921825998469865,1.6804270278023556,-2.1389969091543
-0.36399305005627225,3.186890447633729,-31.570679714029872
-0.7798961509446465,4.37287585351614,-78.7731850099393
-0.5441296749161166,2.025908827072979,-7.276404824992084
-0.14578442274748737,3.570014672461997,-45.35120462731015
0.6360295318449862,2.1028010659771694,-7.339505035261495
0.7214611665126869,3.107483053419244,-26.39680410853201
-0.9860957389376186,1.7900293489401589,-3.2132909459300416
0.021494605155131463,2.8511128087745554,-23.173607494967346
-0.16517799370244202,3.768489986685738,-53.317143233463526
-0.5557843790585395,2.542714572716946,-15.040469783120658
-0.7602692653326344,3.4947351734616543,-39.08127201758968
-0.3247696571927441,3.8863498823691875,-57.91274971231441
0.8858194078250383,4.281533458438358,-71.07273916628354
-0.35359413595848954,2.2039262455663606,-10.198211778137418
0.037581243486732197,2.6979477474279245,-19.630477372582547
0.4060379177903557,1.9572480399912524,-6.7855521471072
-0.27274079524141204,4.477450506475126,-89.1161267252512
0.9435641654419213,4.281002903772886,-69.99494399597488
0.9248945898842225,3.119871390841679,-24.238726591908506
-0.4964354083492717,4.026099883129264,-63.39888273549525
-0.005502988215229099,3.0628739318161267,-28.733237551024704
-0.3982433803664607,3.370757064008279,-37.29252377366081
-0.4303190112450648,1.7673732963480497,-4.945721344563923
-0.9262261052909344,3.765811261490424,-47.737493775493206
0.2191286679597937,1.8831404509057044,-6.486657585776683
0.005358046457722976,3.978202890757585,-62.95920119632345
-0.8970424975000213,3.8460842630111576,-51.42474136665068
-0.44270707152677713,3.626234093228929,-46.34879043380541
0.8165317719333074,1.6084811415742863,-1.4722532070024394
-0.5208762186660552,2.409385067835986,-12.820738625649984
-0.7102102558175538,2.2893377097325285,-10.047324222327703
-0.02109447944487397,2.5804092224145574,-17.179398081197803
0.9713009082212014,1.7629282402915156,-1.2363000976888312
-0.5158894569769992,4.310873469093188,-77.95436924414645
0.3442710948117571,3.1614067221371287,-30.8064555506894
0.5232392306574352,2.4165729319740707,-12.645895061848956
-0.5247249120152007,2.6909445512228505,-18.148267509361105
0.45643269722371915,2.841607621514507,-21.666147509233408
-0.26443373456149355,3.3017830000818518,-35.552016999991665
0.26461166118715895,3.0470382830894933,-27.84482002378927
0.2670594215217894,4.258175919643252,-76.58307113076252
0.07154936814951696,2.990890448717491,-26.723799327978515
-0.8194204598911834,4.4764740444699385,-84.24200080094835
0.6706049911784759,4.054274873235287,-62.69262000652617
-0.35843987005652833,2.1255315430720074,-9.102784789000157
-0.6269629792002915,4.291785643931749,-75.92461545001547
-0.9184497168904722,1.8490991936564283,-3.977523809502848
0.18178588637648363,3.9523491254735745,-61.47267026442528
0.35512872368456483,2.6418698804297405,-17.727714802465183
-0.9668243421442877,4.133922961335209,-63.82130354123173
0.024186116598561958,4.1041700703223505,-69.12669484319187
-0.5470084496041241,3.9177762003528636,-57.952965438943686
0.2903455808188997,3.870091308921184,-57.287727676003556
-0.6512671419900171,2.4140374172941224,-12.296399742765463
0.3818754762049319,1.7427578491537565,-4.729135394292718
-0.22652930739892518,2.7089405362954846,-19.612780750013197
0.873459977473469,2.020573544959526,-4.4999182401993245
-0.7249581117080135,3.584853266707385,-42.68243984949661
-0.317867297899483,2.5382991796133565,-15.873346626008454
-0.7730529575188219,4.426830602579745,-81.92278377853427
0.8493872365571256,3.422916232035996,-34.552320499939015
0.754678706761962,3.9674416909030827,-57.50083441075174
-0.4841167445696888,1.8975740182255452,-6.056756982890121
0.3199680920683581,4.086043446817868,-67.35015114234675
0.6344444004024317,4.268271571540183,-74.06847534542125
0.11040162319892466,2.961185756456808,-25.891985292023826
0.05930115671201297,3.3187588132529324,-36.52979055650685
-0.5162954181990966,3.794429402708986,-52.74576603415825
-0.8137944643882016,2.0245158817812374,-6.155238605864197
0.7944315159066535,3.007698229390327,-22.910557621338903
0.8008361143266609,2.695989083316939,-15.6237213856624
0.2662029145465359,1.9391219764867473,-6.997782849749663
-0.32194041790259864,2.602603266874594,-17.122717924328477
-0.3015808507746782,1.7045169281564807,-4.669639924742546
0.45191135774047875,1.5774357208484608,-3.1885475912138554
0.7942205199051542,1.9054988674644684,-4.013816974096975
0.7741728485302346,4.389345334767522,-78.84122671721624
0.5597510917152477,3.148588607685051,-29.065458615010307
0.2840632923085755,4.3974664834596595,-84.3043361211417
-0.8317200700099023,2.797493634990396,-18.59807354596407
-0.6767425718107725,2.4354483992557787,-12.524799438603026
0.7971083770541585,3.0184255885207323,-23.158379384553207
0.21285811931917986,2.8185350658987303,-22.125784990368818
-0.9816058967667407,1.8169940527852317,-3.443043369679047
-0.7970569142679358,3.422478944070619,-36.24650540589302
0.3270035382161116,2.148114547528799,-9.41788307002734
-0.9898768323075626,3.358763864693489,-32.27893106392906
-0.6783838971650027,3.4506032771944604,-38.221397979078176
0.09746757873317224,1.9560745593859443,-7.446295553378673
0.3837903953853865,1.6840488813320045,-4.2233627574969725
0.30392251900520106,3.8422847582053192,-55.986346337020876
-0.5514613810788804,2.8794012713079606,-22.289374088056228
0.4243584426950717,1.6744913865164275,-4.01563862090509
-0.5255018250063999,4.484598951509302,-87.86083976856295
-0.34920060368146455,1.6733416829891,-4.319961612078776
0.4929828102360483,3.5851056865756594,-44.216899867037995
0.2992657980944293,4.451036775790241,-87.35865949189755
0.6984468209883559,2.2175403126477766,-8.40044307838881
0.31522578460068673,1.9267481060615885,-6.738544625015721
0.13661720667094324,1.8641548182672867,-6.4059384204275425
-0.812650464343815,2.4098254427027865,-11.348253489277978
-0.26456839388113296,1.80313743303194,-5.628641494772595
-0.4695952646365491,3.5764840250823955,-44.273842856811775
-0.5120207132418328,1.6868753943901882,-4.04983984199587
0.9460211095048912,3.028266384449369,-21.503428675008873
-0.2138045506664792,4.49009056155893,-90.1235943120269
0.7840931103542266,3.9419108085180565,-55.9229636856865
0.2622772519945258,3.3456583146930328,-36.97105742157062
0.5896226070832968,2.418760862359835,-12.26395560933858
0.005274186210384224,3.371687508874915,-38.3300886760915
0.15380776925271822,3.0811243917349547,-29.100705097021535
-0.0149646123622722,2.7782501516711147,-21.44316597857573
-0.609514024403911,1.8921311302205983,-5.594690300777859
0.44490423052301065,4.1598126457214,-70.24672060770024
-0.4384552751182884,2.8493539464639674,-22.12213896607374
-0.9513680671370923,2.083867535462295,-6.138065278891816
0.29094459181433563,2.603278052631869,-17.177206166104607
-0.6457786411859021,2.742389257586781,-18.60667533280138
0.8809171687058286,3.9826136867006228,-56.30433774172193
0.9078571540051747,3.700843141684206,-43.8388716950765
0.829728780440897,3.8079146809240196,-49.40123536565041
-0.2596825994891112,1.5330937932859416,-3.4140909340856798
-0.9690867669422651,2.7484619945392845,-16.5097770370483
0.8566371251754508,2.9440324549059707,-20.567446698651285
-0.14363170336537134,1.55757683046917,-3.717449694719694
0.9333096380873391,2.279439626235103,-7.05955116250269
0.9272399541785057,3.780869469366405,-46.748827784992436
0.7060189109347201,1.9113291171869973,-4.725050732881537
-0.4111022158608286,3.1059303943577747,-28.981943167405962
-0.22980454279614948,2.1456056160517125,-9.663076942500634
0.7022733430337138,1.5363623239316797,-1.7646606125853475
-0.36615598968744467,2.2236043727986243,-10.447278347896917
-0.661014506627815,4.427621264730162,-83.217947410396
0.11360252491670031,3.9046113356489687,-59.42741585008141
0.8723095483215619,4.3787299329631,-76.62707460959234
0.392059593349946,2.9635621317790872,-25.056752312581157
0.14012234017872993,1.8292085960325104,-6.0459578881556135
-0.8056470124584629,3.1438784669210786,-27.515748919954103
0.23001445339833948,2.8631320036798824,-23.155469075166447
0.9801077002085266,4.033071248218848,-56.91065218574723
-0.7198319695269519,1.7942477423527339,-4.289845408757481
0.036659304727473474,2.9647234110653344,-26.05067026118187
0.7547461438559109,1.9501459940819528,-4.764836523139014
0.4815372355084089,2.47402778067018,-13.884058827815261
0.39403148199053595,3.712071232163399,-49.93652868623444
0.40496816797421853,2.9280543881062995,-24.076869898835305
-0.28101769756048967,2.627664855437308,-17.750207999278864
-0.4128163114710133,2.6834288357101057,-18.478553987305443
0.6187223109570272,2.87834030521796,-21.405982757343942
0.6202267893583615,3.8550496315111706,-54.086943721548224
0.7341446371602074,4.176254066820704,-67.94103834507223
0.8264811051129426,4.366004059511785,-76.69560508656735
0.022684797721875594,3.8607101587658854,-57.540219968230126
0.0030325893743992083,2.446220687244038,-14.638128931414784
0.5965903579335503,3.5644041182596267,-42.53604704296108
0.2999278615555303,2.8128093721661758,-21.721614057701565
0.4039337545154067,2.2640118661381536,-10.800047806489319
0.5915853388722021,4.022614738277768,-62.069002287258336
0.7800106836351326,1.6152790468869749,-1.774370316827584
-0.3240096862969284,4.20528597640627,-73.51914036426606
-0.24883409472011198,2.8844323938742025,-23.65654246734663
-0.812036120318262,3.411604430424841,-35.74403347139163
0.15656028199234795,3.478061766617348,-41.89947300848903
-0.9281154524065158,4.185353222119609,-66.9045572506827
-0.06880396373507969,3.4100090465016217,-39.62017643242029
0.08528926941515325,3.341800754280185,-37.270763313304556
-0.4269174957434312,1.69995612168207,-4.370765878378664
0.1816665211380215,3.0552240658356125,-28.31100854233993
-0.9389995001219011,1.950507002451125,-4.808992523826076
-0.9253036225015712,3.7123013061644565,-45.595282217172034
0.6452011213193165,3.0366657624380236,-25.205303366002713
-0.2796187171774742,3.54068333762506,-43.85575317015951
-0.7458789746962304,1.6250187018071527,-2.898011686446666
0.04448652010960874,1.7543760481374098,-5.392648523939743
0.5399871061972217,3.6489701641880465,-46.300546153566394
-0.5683579450063136,1.71625300799602,-4.130057180155075
0.2457809516380005,1.7137701832957757,-4.811458143063895
-0.829305070012464,1.5363254257046624,-2.0833283658470045
-0.8966365576627846,4.3695041948984406,-77.12012055630537
0.06270926313629599,3.7125250783770207,-51.139703022945646
0.08127024322021303,2.5597542255061922,-16.738033964916006
0.2748598029964131,2.3896067438629656,-13.263356472953909
0.4521826674453231,2.5491096892375484,-15.429127255603905
0.9517041589250692,3.8239605935435454,-48.12749992962712
0.03260069660239062,3.484111833211243,-42.286315901092976
-0.35408705411750807,2.055586703602404,-8.214696861925999
0.5903723895374073,2.022328006002253,-6.655447690628407
-0.45833549747585156,1.795186949140192,-5.12739034744277
-0.12205715858872779,3.4809081591040143,-42.07529673149236
-0.8430872373154681,3.793117986665208,-49.781407030427815
-0.949298513169085,2.2951392849750123,-8.808889857165102
0.9252968293558501,1.5628348830927385,-0.3488173734062969
0.6719602410244117,1.7465150024292821,-3.446799903736598
0.39194841218739596,4.4035801045350915,-83.97890190850936
-0.18209411117146024,2.386334332432261,-13.43698382670629
-0.6534113598583084,3.807669443514401,-52.232541365379
-0.6871259146578279,3.3739907065627914,-35.54729566516514
-0.49951420367080934,2.6458189189586876,-17.325974936085256
0.09845332941224094,2.117061786586665,-9.44657044252341
0.42919184540012467,1.8641592544782193,-5.712283816683328
0.32039475343546253,3.3450389041166,-36.70894991362744
-0.4401322061081143,3.823901341913364,-54.51768863040135
0.9097305613263882,3.431712760623392,-33.980949235063115
0.475793833391537,3.090906399747475,-28.022452331988198
0.10870810502280137,1.6258536702949087,-4.2580702991036095
0.22344149246870448,4.405466332783151,-85.05082812518545
-0.16079987514442018,3.896142574963724,-58.94583547002962
-0.5045380209976851,2.3784661101028943,-12.372739521492928
-0.2880546426974768,4.4399109880765515,-86.81021387486368
0.5156922209287382,3.3056447689089663,-34.226391626628086
-0.9712130227404883,3.2472679746217397,-29.03172619272609
-0.7678547189861675,3.744219538288596,-48.52842510237366
-0.9079947159564945,3.9353093642704127,-55.20443127075396
-0.9185423953620597,3.469435821994508,-36.68207369164996
0.7109211680220144,1.8842872390986,-4.426257198873149
0.40731571876004735,2.514802517983495,-15.002175524800696
-0.05165234182534961,4.284250920978149,-78.61387166097722
-0.804331678697997,2.1738468355315557,-7.980376394510911
-0.016768249766335286,2.61650107151254,-17.911303378697678
-0.05305645843886864,2.796230648832588,-21.84787079731418
-0.6535962601799696,2.8182149690833564,-20.254602002511316
-0.13229670152405393,3.3388187474835767,-37.105625952610815
-0.20299053120525312,4.329227513234123,-80.79088618822095
0.23170019610443293,2.2220781354975148,-10.720779155112885
0.2701873017352876,1.8645041289027542,-6.189770759905776
-0.909391980455911,2.0924114695798117,-6.452205085651408
-0.25077477074705756,4.160774700627808,-71.52396870893556
0.25171983142847276,3.437432437965618,-40.16494062456694
0.006272517160175406,2.3577203677174805,-13.106017087759877
0.7129796823766446,3.9478408169058516,-57.152737142749686
0.31738726323789,4.084109989090308,-67.26797350830924
-0.6741311458371406,4.039543016070834,-62.55168790908899
-0.8588625051991403,4.256779600918663,-71.48713372892736
0.2848385564126312,2.256723060520085,-11.103737636259092
-0.9469773789167564,3.7651257862388348,-47.47141395478671
0.1715511625469266,2.88161849182242,-23.753508256249056
0.8804604828499152,4.025995658670185,-58.33138660254172
0.1509483557517579,3.6854720314848395,-49.887286680097674
-0.22366014758695618,3.829342339499174,-55.781021862687666
0.28657643688470635,3.4684855130432144,-41.13399806534685
-0.08349421901696674,2.0322863084091205,-8.365970560043019
0.09123357863186987,3.135080756690815,-30.760917030046013
0.8829296175530503,4.454009218573525,-80.72683972602367
-0.2277947243984515,4.312164199491357,-79.74795893250344
0.9223811276478284,1.629521207391035,-0.7694312487237389
0.8107012839121275,1.9944444471883114,-4.779052185274507
-0.6084177304214071,1.8951863203636856,-5.629128773975935
-0.8612773982496691,3.6779397299558862,-44.93468811491205
-0.7984439972451467,3.9533559895708352,-57.25548203896744
-0.9635563486969005,2.1405340989320156,-6.7275702315627655
-0.8111140784881432,3.0175580788554868,-24.03994555284256
0.3660135468327137,4.0221090840336,-63.94042818058102
-0.857622703079542,3.6984046342987518,-45.77782564938691
-0.3620487394124774,3.1267116164755446,-29.795513425207005
0.6897506219389091,3.271043071376319,-31.558664891514475
-0.9534561285283483,3.02508164074884,-23.04957452980777
0.6289369651778716,2.392645353956462,-11.5556396364963
-0.43629045045320014,3.1950659785770483,-31.48335054620423
-0.7636703447566875,3.566655906150272,-41.656825841344556
0.3934743307283013,4.119968747582423,-68.59629403071578
0.257885693559768,3.4088740619377442,-39.141991160403585
0.7549440270541059,3.783364611129474,-49.411646663496114
0.47014208760777154,1.980214904863719,-6.78561463425675
0.6069618607696972,2.88467242325937,-21.655276959223006
-0.43593085485738703,1.52799485948128,-3.069609199068788
-0.6451209124405544,2.240036593564869,-9.643940603931881
0.5012295032817167,3.6793851453390145,-47.83638062429323
0.613669478534528,4.47542985404809,-86.0385904080235
0.9810102840013466,1.7975342987616476,-1.4041340177641448
-0.17476464617714704,2.7044829475838648,-19.62133839605188
-0.25596382841443366,3.9002129060974786,-58.83442128746481
0.5528259214839937,2.1121069038866964,-7.962157389023874
-0.3183929194939643,3.1652548479068585,-31.102703714357823
0.8615146512071294,3.6992138880890244,-44.490130071185206
0.7168255036860236,3.347956350780537,-33.71765988084475
-0.1420119452499633,2.0640742038462485,-8.713396545650575
0.5017421355829947,2.5661537060572184,-15.480149079410223
0.5090857481693647,3.8513753534561914,-54.99955769472093
-0.7937522623281348,3.1626795423960496,-28.149686357751968
0.8051058133591333,1.515688840628738,-0.9952203236366914
0.01050474489571429,3.7829722800842815,-54.13682353053256
0.6529149322154832,1.6059340648207172,-2.4941939128942616
-0.3599007979387765,3.7372013481936963,-51.27474123286181
0.791046456992401,2.1074416804957123,-6.227319634430731
-0.22159664253167377,4.37422044035814,-83.27676727436307
-0.9783246970394033,2.6038222539062534,-13.605666072010823
0.8107639528385273,2.480794849014237,-11.473274134246482
-0.8174266464277329,1.946664150997334,-5.3216109485699885
-0.36137272481917027,2.4168126464706448,-13.532529907813528
0.9001239341016098,4.129952285484602,-63.020888781426194
0.9012142938751122,4.489003012881742,-82.43478798393824
0.14687577624657222,2.604928591520545,-17.560583337930836
0.26367442433959853,2.845831892863628,-22.633666980095
-0.10310895604336046,3.666212814608211,-49.20113502762113
-0.41357845660387094,4.158587341395224,-70.56609265970934
-0.3426709092601681,3.2791330025603527,-34.52972086899894
0.34503691215407684,2.674577094533488,-18.45432372026732
0.50474905887536,2.7378655225458712,-18.999130472515684
0.5831580874516971,3.5868544394904207,-43.50886086472337
0.5792362855891078,1.509654790812836,-2.2332252599263445
-0.8175877939026193,3.358768012379522,-33.94752613588435
-0.01115939059483706,2.5664790313240724,-16.904283773072006
-0.8848824799667114,3.8825919938312525,-53.14081988704802
0.09905776464747107,1.7789719194693965,-5.5941014204544866
-0.11693899725324597,3.2646068008451716,-34.70537524692675
0.7754083655165995,2.942918669658371,-21.482814440351508
-0.2981699748958426,3.426976577715682,-39.664146158767124
-0.7658659671447883,1.694560783448905,-3.327320360593515
-0.7140166358943283,3.239951362284394,-31.071129644366977
0.5230212634349445,3.184453763878571,-30.40744036880172
0.23643612663252211,3.181980283248513,-31.848570015045837
-0.7977546477544195,3.3104629997893644,-32.5739722348449
-0.8317863877700051,3.529403811679087,-39.65641320220791
0.40193826291824,3.914966999042309,-58.67467353450089
-0.854473987271613,2.3094621603846432,-9.569260814384727
0.6437201185807124,3.975148230540186,-59.25336034273559
0.4124844543129924,2.994767046790361,-25.769695211263713
-0.8373024387162005,1.7311748374029934,-3.347916705178029
-0.8303245718296162,1.6756527877319376,-2.9668560929188805
0.9732791570023509,2.5027149560881825,-10.012495133713148
-0.25145840848775936,3.8546909313344027,-56.803898820211
-0.25871570586621817,3.6230428042227474,-47.08995961355252
0.6255991345150052,3.8658448940172194,-54.50328364280934
0.8944971547677174,3.051807169324828,-22.82372338888105
0.9720021276457418,2.820596993866472,-16.191944385613326
0.5067563705178832,1.942357580118852,-6.20029657159622
-0.24748082893816847,2.4845782608279348,-15.04843510684738
-0.8329985666026625,2.8020580985216257,-18.68982741855126
0.5542938318548736,1.7658012890388517,-4.2505065491614165
0.1168084994716101,2.161835858133634,-10.042827071734376
-0.15155598150604743,3.2946758821912163,-35.61547042907305
0.812708770189472,3.7069893427175695,-45.50690447624246
-0.7776050353876973,4.4950425341788485,-85.85832866871067
-0.0147497914182817,4.299339994030673,-79.46852759944008
-0.9772927104651619,3.427695598605575,-34.65815048525364
-0.06267871601174746,2.763744159882216,-21.08878749637614
-0.8873934486363253,3.4085320941246984,-34.931215355904364
-0.7623641674638562,3.856954854240696,-53.336216813102055
-0.7649475064457902,1.855008572770162,-4.659898018778182
0.29842060423212713,2.7297146690888647,-19.827273535089365
0.4920897585308466,4.019406856906851,-62.870277797117325
0.16673753019431925,2.651498855799132,-18.489153689041697
0.9243450969490838,3.2156168136815597,-26.965385222220668
-0.2502588409525919,3.2633080825865948,-34.358468955821806
-0.42857582743627853,2.053428759400918,-7.982808797754244
0.7371982563789206,2.5867063249568654,-14.095592245923921
-0.5528083229610947,2.5035338662257964,-14.330145197892419
0.9264450788812226,1.5785901255961945,-0.42878498970270096
-0.9756910506203673,1.5725752916740658,-1.823700807020097
0.9397576534152781,3.9950911310273205,-55.87823648520396
-0.9136801760988478,2.319212429918437,-9.364995701758566
0.7822862273961422,3.054236298716446,-24.27406411163527
0.055402218172599715,2.396176720766319,-13.743159195462473
0.9859295922386007,4.322037735346021,-71.37479353902043
-0.8524068705292023,2.2778902765973212,-9.128618917457807
0.10770856880264157,2.788970438216805,-21.627645244169248
0.9386050712381979,4.118190751453806,-61.75946082864915
0.046195688340297636,4.0258007003754255,-65.22915787058099
0.25879727627052507,2.058304253538832,-8.427198247107555
0.39149737796923434,3.907929929387131,-58.42363565665535
-0.09091787046445354,2.874560660213678,-23.70600824143188
0.2551161601681269,2.9489066162560658,-25.24338123597588
0.16862862384620048,1.9004399172478315,-6.7508900015347155
0.802316020981978,1.741804541271374,-2.5255341678785435
-0.9091072393170843,3.6838179209212956,-44.65348570908842
-0.43807362081553936,2.989383457065899,-25.651060419365063
0.9008229681531175,2.8105521078455387,-16.908695420977274
0.7805275677818326,3.6885246859571903,-45.21338320736497
-0.08868649442857413,3.7965386969733292,-54.66316864754645
0.24026519560307347,1.9767245030080607,-7.481839852042582
-0.44523763403773464,3.330675448432924,-35.71625064605684
-0.6237576805524774,1.9060622468330566,-5.6843543412231465
-0.07260319012003569,3.754125258087137,-52.869405888681285
-0.29329554394789437,3.4708654688014184,-41.241280322924645
0.16731222370174414,4.369843863250374,-83.19517109987133
-0.8445307260700303,1.7068740490692635,-3.1403908951547876
0.948789615332333,1.671164163453763,-0.8043381847818258
0.9724214889592058,2.3465612240796005,-7.563627934766807
0.3963234280394903,2.2851170512077177,-11.152224257191524
0.07219273268824078,2.2409363972159992,-11.22979045704978
-0.3809447674273445,4.2187637415631105,-73.91625744358906
0.6275900394138973,2.248638599548518,-9.351433584260416
0.36946234510775855,2.3158491783858928,-11.737593136901308
-0.6747661213102174,3.778194787253891,-50.799540858996934
0.8218543689876849,2.84921952735162,-18.726015032009176
0.645074485846338,3.8301316708655437,-52.73165535083734
0.8995998265838481,1.6960984726931558,-1.4059866914064543
0.45143901677671994,2.962713581020153,-24.70613996055312
0.22683039187157972,1.600840800549848,-3.926056851632492
-0.16351392741876225,1.6879596103660637,-4.723457976204302
0.8654569667080265,4.219312360033233,-68.14581285608256
0.7321277790008167,1.9177361133527855,-4.604596500319801
-0.9095626597876212,3.0972620468256515,-25.339863545248665
-0.947266051005496,2.7332868078021195,-16.36476096314294
-0.2470732662439008,2.542029978776528,-16.131110427579518
0.6211066615636658,4.199500037061817,-70.58182709987172
0.9745522586298889,1.5654701903264685,0.06270730662568624
-0.6991662177929436,3.491369058526767,-39.48697461968864
0.18826143070427026,4.390183302640651,-84.29724792300142
-0.23821828673795697,3.1805045503855256,-31.825285234636684
0.9398287956292064,4.310467386099275,-71.64422675632683
0.6842378462714174,1.6567736378580713,-2.6759873584108167
0.6766574094222757,2.7563799572224843,-18.108037237319476
-0.06261368041005944,2.2804733728861537,-11.842100284447321
-0.17036099532466964,3.6924628949421896,-50.13469386842041
-0.45318585613858753,4.44389127149174,-86.02644295131206
-0.8872490066981458,2.2695901873327435,-8.815909159257554
0.7294447525101064,3.4625238044222235,-37.439567925224374
0.6258020182601551,2.09429289827922,-7.300250185099622
0.9994353465722612,3.1959907637148297,-25.261918454155186
0.9932736741478108,2.8917974600650087,-17.49662636560146
0.11086341120525489,4.416015988894611,-86.00768429228864
0.537974830361021,3.3255818180893995,-34.69859529090661
0.889531459764856,2.548519116260456,-11.815533075102671
0.6992947813548229,1.8422873546638001,-4.108995086834161
-0.5053037965136047,1.9537404862048038,-6.5889420439140025
-0.09891172937981296,2.1759507898537054,-10.260999510544504
-0.74168116969701,2.252899984020894,-9.364117584718635
0.9081020545174447,4.051848173523414,-59.089536889423556
0.2123492689017601,3.1836683648475748,-31.972155750288273
-0.5427143889930746,3.0701727341230995,-27.2906071347323
0.34340136881171346,1.8443066156076524,-5.797874586264875
0.23625648091579166,4.080419080048305,-67.46954099278723
-0.283674563934319,3.668442909625451,-48.800392022437336
-0.772884815600742,1.7030050857000048,-3.3662002742623702
0.3431463911855992,3.6235052916893062,-46.682128936721895
0.040615401807586604,3.1306146520279383,-30.671970009614675
0.5446367834712786,1.7451760372403347,-4.118281279137175
0.040327002223986774,2.8749019245859695,-23.751823694822
0.7043630006370802,2.954088861390141,-22.498611421919435
0.10381367754897108,1.9973236204898273,-7.923756145312519
0.12187594307077254,4.337094441000847,-81.4517755443051
0.75330720531669,4.049926114441986,-61.40257150468942
-0.19303426757520592,3.507067011987325,-42.881068063933284
-0.7319695430987185,2.886886683001822,-21.35835011342435
-0.942434647373322,2.7352966247535253,-16.443238772543367
0.510274511347238,3.4529204014528627,-39.23698485624068
0.24061910270692932,3.1362956082207165,-30.472602814762926
0.40815953619844714,1.6868193176456567,-4.169581551703603
-0.5740716769821785,3.037507946310995,-26.212547161816524
-0.7272570488264605,3.9192108516985185,-56.43880121351536
-0.9709106686642361,2.8777196327908743,-19.320954345399116
-0.29882488238680605,1.6558697326628051,-4.271194634271021
0.17983537370926617,3.8588345981520993,-57.20496834898092
-0.21551190980053536,2.104091346407923,-9.129792913117946
-0.12505015595254187,2.2758625046641163,-11.718721643220059
0.8083173889874968,1.9941190602968877,-4.795676977269469
-0.3034890659533993,2.4906451946144927,-15.019401164149464
0.027978978319621595,3.770254517065905,-53.587561221268736
0.5673060254822861,3.0581575785118122,-26.44986130917573
-0.20691443535745968,2.1146438224521376,-9.283879681448813
0.24417340045574698,4.133490234456122,-70.11630519291488
0.7247274174934903,4.138745564854588,-66.16522827820627
0.8990412473152842,4.11173527513802,-62.14100573384516
-0.7058530381419241,2.216388634144618,-9.030880134442729
0.8531752503229888,2.8537180325429645,-18.46432089027586
-0.015767413840923616,4.454968968422625,-88.41443754274897
-0.4835112234020833,3.816037428929971,-53.89846422653315
-0.08172848752347739,1.5815022636766796,-3.934991929692683
0.9600651505709541,1.695613773781476,-0.8643737847583806
-0.014763812014260802,2.891794130436998,-24.181293752638876
-0.3424967794249836,4.2276606175846805,-74.60979431278763
0.26680170863345154,3.1161053938581427,-29.795114758301345
-0.5197087624436139,2.9934375241028706,-25.346534169490454
-0.8482733437826722,1.8164210998698918,-3.989387930476261
-0.7422405561787015,3.470340314172882,-38.37936620143617
-0.7439083220844551,3.9663094818006766,-58.418207964549865
-0.6961946129754113,2.6412600225226868,-16.203170099612855
-0.7223456547011797,3.8268355527759823,-52.42609566140837
0.2817494896064292,4.393429961702434,-84.0830902957717
-0.6362398312017103,2.1112993773830673,-7.959534444740863
-0.3086654333522736,3.069988893584224,-28.378554477883092
0.7935768198120237,2.3614138742537265,-9.693860359642235
-0.052076719474255295,3.878563257101518,-58.32531214055819
0.33511547704205435,3.2327800976434724,-33.02162327336385
-0.6553602575967403,3.4037472526509114,-36.79177438531767
-0.6154219623826584,3.893742478847682,-56.317549994101114
-0.9182627674670423,2.6879114179873644,-15.661160959735335
-0.6621298738556709,4.2452702052211295,-73.07751417153449
-0.44281932193608275,3.0990866017384198,-28.636113175983542
-0.6459790314465064,1.973864468506044,-6.312670549707529
-0.8225949324858888,3.5876973545064073,-41.880605026761245
-0.7587282577987984,3.879784051314763,-54.37115615259783
-0.07844246393454846,2.45028503120258,-14.681586683842369
-0.587332563188415,4.071537770996259,-64.88916532475983
-0.2714602779038491,4.2184297642973,-74.46587521116682
0.0068345417097137595,2.330713462133427,-12.660742443222496
0.3807896572587306,4.450564418145666,-86.80877465968237
-0.9213757203178021,1.9221345841462751,-4.620179707231154
0.5988207978180853,2.10604700520747,-7.616104096384884
0.2558007789818155,2.0526745177140784,-8.363520347456767
-0.8364819361022562,4.181969130023611,-67.87092044714572
0.7471572482135544,3.462877656974886,-37.24181541038628
0.8417448010636264,1.9563128496668187,-4.118487596226572
-0.8778440802902725,2.820970255105047,-18.777662092935916
-0.44624470370559255,3.345894075209406,-36.213605992376934
0.6124025595861227,1.7503922549681499,-3.820382743309044
0.4965193807673167,4.147249105222016,-69.16407462411536
-0.6309579612872454,3.9108106063246053,-56.95099640145043
-0.5813013533265794,3.015620320729915,-25.582352550562483
-0.25905579441723603,4.4013798457775115,-84.69079942419852
-0.030954029617957346,2.753282937825299,-20.866199134994773
0.2365095430605919,4.452330957109494,-87.74834633240502
-0.2621727208604552,3.5037599964108814,-42.549690053821784
-0.07493056773370421,3.4040138197618246,-39.40556008428667
0.49494187626751307,1.997864685887355,-6.874335245016189
-0.9266335942188042,4.145783274913931,-64.9318303107949
-0.4951261113119585,2.7824690637618454,-20.299384858182716
0.4266991717691049,1.9867002173474382,-7.040325819363735
0.7904136753743987,1.5378225599272772,-1.2214590044644003
0.02335488423133225,3.179267050915148,-32.13172049636628
0.06422697053063131,3.082198866368029,-29.255040940814922
-0.7856559773204479,3.6580608671074755,-44.91904503847326
-0.10517526635309071,4.170774159053407,-72.46099640776944
0.06523453291004633,1.7382197539290885,-5.236799168246181
-0.5150589927305407,3.694489471021087,-48.60346635019763
-0.4615135381012381,2.0622358322927465,-7.990120003203485
-0.2454316737907547,4.074531159471492,-67.16847971263388
-0.9598576044445473,3.957190541584968,-55.559671722095494
-0.35584166883364343,3.1223812649566334,-29.69524709215642
-0.5771039860069107,3.6307283958699346,-45.63472968792078
-0.3450052956441707,2.4430503395512453,-14.04081317122054
-0.7604757363614976,2.913503696798444,-21.801193637545232
0.7810545614797899,3.964910693131415,-57.01640816517587
0.18718490710809732,2.8777955915196416,-23.624837123050142
0.3582046382889792,2.5733947959763253,-16.335599849530062
0.5783424772146766,2.9826373417508996,-24.345206945197074
-0.003115602141885443,3.984747757311655,-63.270603044236445
-0.8261594238251526,2.505624142112618,-12.874202061982047
0.07421308363709556,2.0212847794072313,-8.235471729702935
0.17368223604175825,3.6360420609923425,-47.846786269431
0.49087894836866,3.9779346381242453,-60.911347904383625
-0.13668090754064122,1.8019124355706,-5.785836589697804
-0.7448393944088725,2.2196223382678344,-8.885861838397124
-0.43244818840255106,1.9259159692829817,-6.5040518228492745
-0.2738354072027298,2.5438242347465,-16.100225026272344
0.29183448266320244,2.851052936716238,-22.664303808055795
0.14155660933782377,3.7464790108899195,-52.43299020527397
-0.2878065482043075,3.4534427546450224,-40.6384042955073
0.9730304975859594,3.3627857024352936,-30.738536055825442
0.2115496387137743,2.557124839828963,-16.482404687787735
-0.525546416528011,4.02434265925428,-63.09768913766948
-0.7964350547591925,2.913861502194494,-21.54900978862878
-0.694281721631336,4.437314814045464,-83.42652652342332
-0.5080845432309837,3.4024264148872105,-37.762698012136916
-0.6786372534808887,1.8787942246935083,-5.213888699473689
-0.6268659518973885,3.528532686226302,-41.40533055592245
-0.4298096626123058,2.475312046295097,-14.331498294706487
-0.6532528094104904,3.558981590058292,-42.32056076990844
0.7935308492528503,1.7089234444872172,-2.3389055380089268
-0.8395325086767156,2.024644311527878,-6.037107038278249
0.04902277914050934,4.067211776717359,-67.2610112543541
-0.17920634602067698,2.1815386710705447,-10.24781996920912
0.9647572338172128,4.01112337572882,-56.17069560874251
-0.7759221956638953,2.3378282653632314,-10.429406904022027
-0.20428880190851673,3.428645730176123,-40.02817147802182
0.9389408665507377,3.582451720529493,-38.8326134831828
0.7310142517879605,3.037964259435159,-24.40055470952702
0.6341441418985598,2.415932030090194,-11.903043157679612
-0.48419434591012034,2.1379331291132884,-8.883039737421578
-0.6582248252198684,1.5995680636872787,-2.9918085957089406
0.337286439848862,2.411839203722171,-13.442469881918331
0.8587519782551716,3.459488371593849,-35.66763906070634
0.11352578602785957,4.314914455345448,-80.22449237876205
0.1432253789397997,4.113613446789156,-69.43810080401383
-0.44004181267943165,3.7981943296059075,-53.40808344080783
0.5389858663838738,3.865342029759896,-55.349182152815054
-0.6259125028849533,3.4949547104279857,-40.19665220467089
-0.35264152719151265,2.280860572698009,-11.34235336801594
-0.14912712276716644,4.22158509211749,-75.05171329201427
0.015220757368910043,3.512196935717502,-43.32317035936482
-0.5151805351698395,3.1813218929413196,-30.645570228843727
-0.7703263505215929,1.8329684076404433,-4.440095073734842
0.2212400848832652,2.8411666314192763,-22.645581105963867
-0.42273889351948846,2.881074813605779,-22.960430452017185
0.16247644284522456,4.093690828568009,-68.38289332502329
-0.6912745694515954,3.1399446605633656,-28.286928745448
-0.03771979629036504,2.641201646911229,-18.417418386109123
0.06517886510317172,4.430400985531978,-86.92399693421305
-0.8963529263551462,1.832161779978947,-3.9263093779392713
-0.32679144361215884,2.767645284935834,-20.643547171802428
-0.7311706461220515,1.6260740255142159,-2.951788519981527
-0.8732500590544645,3.719712362300791,-46.45976823216116
0.9799204647798905,4.2542296565974524,-67.88388682552258
-0.35529231005055406,2.3401119886514685,-12.268796223406447
0.6197488917092697,4.075025030397363,-64.3007882383494
-0.4907186904724723,2.3766546913856934,-12.398051928028877
0.36300544444785854,4.232310484931745,-74.64781618544669
0.5204557197793731,3.761885710790352,-51.058421152317095
0.19127748121568855,3.914720330524316,-59.699772507892256
-0.05684762289968326,1.5540196668013635,-3.743061556328984
-0.17631817170546293,4.388431071222078,-84.246467206676
-0.3022634669140094,3.68001297621097,-49.191739399246984
0.8590582884956517,2.4142532861584,-9.874446787800439
0.6612388155754583,3.988183994576541,-59.65782619535831
0.9300538213330252,2.34456359524479,-8.027423366175293
-0.7514055530289105,4.118261518698384,-65.61986185284029
0.4617349504072885,1.8377411712358112,-5.324538411322129
0.8766809136420757,3.611057932382387,-40.86276678628654
-0.6375338676686797,3.122095429934731,-28.15373981452835
-0.867007465266445,1.7896034105863223,-3.692762177531865
0.4822412985801181,2.225681484776517,-9.877922472072953
0.1489462263598238,1.5372121088319444,-3.560954194942306
0.6836575535165441,2.9063038963935175,-21.512119089669472
-0.720455246747421,2.4037957822800013,-11.768243251669416
0.5905346237197804,3.2950724528932764,-33.27213072420198
-0.5967453599045109,2.3917134231258514,-12.190403474010449
-0.672688114268591,2.399757334520954,-11.952379772772938
-0.6714684041380141,3.72957959619481,-48.81720696065474
0.6291494404627642,1.6444285079350602,-2.8959126713242496
0.33039444139240026,4.208684985575962,-73.59365027427157
0.04613084953823865,4.056791623173544,-66.74752022059151
-0.282339031752995,3.5034140496792197,-42.464543893343716
0.7544010816262166,3.279664710322153,-31.1143340063849
-0.21510978515472923,4.176907494418957,-72.49605545930154
0.6331988789431542,2.0559905385861432,-6.788335288451087
-0.12173018285956316,1.7369074865724858,-5.19031322339089
-0.24611114115018484,2.2185305097286143,-10.665486929078597
-0.07464042866078713,3.8837348361005706,-58.53705332726695
-0.39724425167171584,1.60401080017945,-3.6833311399171103
0.49521876035250223,3.248420505250469,-32.56335501094782
0.005440780184958305,4.486312548573929,-90.29574816747542
-0.5355746097063654,4.067088281512618,-65.09496529672091
0.7991491465491369,3.0643370671307686,-24.350239828751956
-0.23221755725357718,1.690922727859927,-4.664875861439191
0.08710572222797719,3.9941205431571296,-63.65692974280456
0.8129442219290939,3.296935524531632,-30.94197298494364
0.2484759918279842,1.8447989911787004,-6.035235689970823
-0.7662039185832719,1.7815718544700685,-4.0127108956014
0.8796642472269502,4.228880458309777,-68.40150197874055
0.2554161061428357,3.5076007888142353,-42.68061993235671
-0.33018877068582775,3.9878603979502665,-62.5855144953321
-0.7214558546732255,4.136936700846801,-66.86952696752483
0.588050378540592,3.2153170561449667,-30.813711944024668
0.24014551185702704,3.052339055265124,-28.07204712531612
0.06692218395264304,2.7912822309629703,-21.722294134891293
0.7877851661019153,2.4508397633733576,-11.190339324798682
0.5771944224490615,2.8037878825761355,-19.98073435189928
-0.6966502405344976,3.821638967190469,-52.44340001019908
-0.37655586440890354,3.305770293045395,-35.24175988639689
-0.5030217203710685,4.177569869864538,-70.92049731780274
0.48789258514535394,2.830140043137563,-21.205045992714588
-0.9329351305284412,3.321268736156262,-31.666882656874364
0.13977936974263305,3.393922659275966,-38.958260509847925
0.5249173714813811,3.2750914869189764,-33.1799049747206
0.7535312735234989,3.607901319256549,-42.43881549009282
-0.3158365025681851,2.212300405124419,-10.417742004858237
0.6425146093440257,3.037091332637372,-25.241078204490613
-0.7787365260895855,1.812674408425043,-4.229792011143278
0.6929045834690364,2.6535339829344378,-15.803489126207182
-0.7450226753360352,2.9630012058637933,-23.137553780447703
-0.20542541887926546,3.4566727786364173,-41.01928281918106
0.5945907315591072,4.351593157758611,-79.11622892470145
-0.7001651453024524,3.3019531996450677,-33.10665046758993
-0.541497209534717,3.7307817485296795,-49.89865651230745
0.44450513678613257,3.0187981784856084,-26.229972970465326
0.4400730730921487,3.4023120941289937,-37.98119866988129
0.2822952657705946,1.7127966484013202,-4.729300256014742
0.38789688893420005,2.263174742525541,-10.85247316337711
0.08544888669519235,2.585559279615416,-17.24638485604096
-0.4964018821860945,2.9174800650195407,-23.51718577396134
-0.3086080129921611,1.6369462365071512,-4.103939198959526
-0.6368045663971487,1.920072292659953,-5.7796689059188955
0.8169011226672567,2.3304429233739175,-9.001074553252732
0.16678358953224093,4.414598072703152,-85.78443308183057
-0.19829716647272022,2.4940410213091524,-15.325192457452372
-0.07598839271173463,2.9461231743362477,-25.537709284176344
0.8945666792236306,2.088293138215179,-5.0487921948429415
-0.6932971937678396,3.3323402132273046,-34.133731866042204
0.17245966403359447,2.342049646547923,-12.702157226961889
0.011777357768931962,2.1209777353152806,-9.540727062754284
0.22290847086929566,3.0497178853379374,-28.050606794216637
-0.963779632358319,1.5165173974812625,-1.5656531651465628
0.744247817888303,1.522992097947676,-1.4331599199195564
0.8642365649672248,2.1572064273055735,-6.170687152824648
0.13026636717841789,1.6101640875024634,-4.117699791215949
0.3933016477537845,1.8240772623920742,-5.444017965313207
0.8449987623545914,2.516581948016255,-11.740835494916967
0.41447726862679724,3.9077570387394385,-58.25981636630957
-0.6949219141714773,3.2161459301079027,-30.49583939313742
0.15257672033362635,3.0380031778692493,-27.89413959318012
0.2134300927657118,2.380466469624365,-13.26260616838866
-0.15173865739522796,4.295261158298449,-79.0501262465381
0.47288847124944566,2.691045123711575,-18.178494804904105
0.8687340295380297,1.7612783003873145,-2.149561788755889
0.8511370258135527,3.351199548353404,-32.16373508163757
-0.09832125719173579,1.8415151804298042,-6.210252428270502
-0.7735239083184895,2.5356694284050763,-13.731838160087662
0.9696823979246691,3.022235816153427,-21.009531436501646
0.6777961728918682,4.122667574055527,-65.97110257073295
-0.7506746375934663,2.9806397410203562,-23.54439862619043
0.8416837652347446,3.6067762980949927,-41.21337503081307
0.7397927241242566,4.478450516997211,-84.51519275304008
0.03767611425214423,1.894467359693945,-6.793823979525875
0.1825508714898585,2.3241945765585585,-12.394030987892249
-0.20199459225973948,2.6837282267929394,-19.118516432744848
-0.8904767223559373,2.765484535616494,-17.470489416760365
-0.32960551670819815,2.7330632257966374,-19.856953035191765
0.6057068971960229,4.2228330076696645,-71.98212828702124
-0.9907359539907943,3.6420979334005694,-42.1345881776504
-0.33300165661771164,3.323715642272111,-36.017163691388156
-0.20366261281811338,2.428118153588346,-14.122614873892257
0.07479120587584576,3.971371152663884,-62.59077932070697
0.839711232825521,4.365181534454967,-76.42970150084673
-0.3073080112680775,3.9635948476506795,-61.54880044408893
-0.3060935962075446,1.5046953155744187,-3.1535118985120167
0.47500249621949675,3.4092041105502213,-37.978470344457214
-0.09556411822038569,1.6534061443263022,-4.490675426171228
-0.5507903541200361,2.2728216610011653,-10.528837851483212
-0.0951209677346132,1.678574101043315,-4.700054055189114
-0.7182859592404003,3.3113863588481633,-33.26394762857137
-0.6472260269875534,3.5597697404778206,-42.39799990642247
-0.0032644545210405163,1.8434629141977155,-6.2647031075073665
-0.16214910099090418,2.6515166491349387,-18.50642946722293
0.8296918021362001,2.868709526866626,-19.08730533884716
-0.2752122017667338,2.6071590652827497,-17.34748942201114
0.1611767005560869,1.863075001455579,-6.365838920287349
0.26452857583906075,2.756843370562426,-20.548187911891613
-0.9738110868233327,3.7535341434252545,-46.68807195103953
0.3270747440334212,1.7130229935997665,-4.625275584907217
-0.6439280662604971,1.7405400422457102,-4.096524388140275
0.9221406349389103,2.5643138755079526,-11.71694258194322
-0.7026745444937741,4.325177134856775,-76.98758987786154
-0.17075175254595254,3.505717940168742,-42.886029696202996
-0.8293006638427123,3.5360098700176943,-39.91865981579112
0.9937485036918947,2.585759972513595,-11.200365937437265
0.004390020662485172,3.280982373625615,-35.31914125372266
0.19077003464008757,1.5303935520832301,-3.466006920037512
-0.865847045223145,3.4082881392286266,-35.13092513024368
0.4999209407983556,4.23986084272871,-73.973318315723
-0.5801888138088285,3.3377204050344575,-35.13168731339825
0.7961085788814275,4.121095780399035,-64.26196946027096
-0.5897207190359857,3.6719191663982813,-47.15956770168997
-0.6186245586726669,1.8616752492110709,-5.26409147315469
-0.9269006643038102,4.207359921857526,-68.04504876386521
-0.055866109780001505,1.6993315330673247,-4.896773726735752
0.12968226652523285,3.1019024176432914,-29.739367008444855
-0.8685827211432953,1.926411371380373,-4.897611734401579
0.5510552333900212,1.5351198321927122,-2.5180033145804988
-0.09342233050394477,2.766102780382917,-21.116881985001264
0.04878053865516008,2.3851221229624686,-13.557033653555042
-0.11847450612354371,2.958001481392809,-25.800465478742684
-0.19847387824934803,3.2315996602036523,-33.50157976974776
0.11928066261643577,1.6312172169268422,-4.292341693206022
-0.689519508138575,1.869009885371237,-5.079451220088082
-0.6361437390094578,3.175927189351276,-29.721005261922553
0.7235712420270346,2.5295020595179745,-13.157218857612158
0.8922309242672655,3.6875204626483438,-43.56081527007905
-0.2533813674404941,3.456874945775819,-40.88199188104965
-0.45851065371289246,4.036813088969721,-64.18239948610476
0.2879990864780315,3.577478480007676,-45.168485213149005
-0.1825316578038072,2.789793232170444,-21.532992827888545
-0.9492272886793103,3.518899867183297,-38.08732620160918
-0.6876948052676193,2.3261435227662557,-10.711680216812072
0.43194445769479506,2.418940496334638,-13.170658486896958
0.3178478838203027,3.86695547976238,-57.01047088762189
-0.945808014993033,2.8392585492047466,-18.654709778900198
-0.5560556761341011,3.8951410215550575,-56.86075322297074
-0.5378504068238572,3.967267121004835,-60.30190869869216
0.34378548719745683,4.0726870129838515,-66.54944078039559
-0.9605789244912717,4.249905707523622,-69.80397632873792
-0.7917828360308523,2.7929556615398887,-18.781198324545084
0.5998321707463787,2.4566004549634166,-12.841721423997722
-0.6429106758913328,3.246596239782342,-31.802260086556473
0.3054922157037494,2.6135172703128826,-17.335232109425544
-0.523634437906547,3.303222500400699,-34.374517702116336
-0.8011172144813097,3.616757587931474,-43.182331632480555
-0.5136556180010918,3.5652150554764104,-43.570803547841514
0.4445338637113183,2.623658661060364,-16.935408061264077
0.7113929362125715,2.0005806050962587,-5.622040307127756
0.6604397291339832,2.7915880153866226,-19.03139963116081
-0.20563294076309035,1.9277824322457262,-7.009967778159913
0.33617027314129233,4.170291105551425,-71.54633635126639
-0.5900314091683581,2.5376323822135722,-14.779805961992913
-0.4137045394779735,1.9633792416699714,-6.96728400600508
0.7926716370422395,1.5763432797172525,-1.438009119114092
-0.9739961529785279,3.4374671588594525,-35.01969810987937
-0.8289829382910638,3.4107069523642295,-35.55841291569454
-0.5842274897079454,2.521812499743875,-14.515473731473467
-0.9469355922523606,1.715135666542953,-2.818623132319629
-0.6371291298204054,2.728886684685696,-18.364673743058987
0.16608312193938435,2.433652485190181,-14.274868000587144
-0.1571508988150041,3.531361919205028,-43.867366036115264
0.7853434221539497,3.317337748358071,-31.930002660342332
0.6348871234768818,2.59378118459262,-15.103261233433908
-0.31636529660424806,2.15367766276497,-9.59001605309738
-0.48115313313741503,4.464107898466775,-87.00633443967824
-0.2406151836654662,2.8620048635883446,-23.125422659417257
0.18058988502961548,3.5648227073407113,-45.06322114545001
-0.4638727183542475,1.9216589027350823,-6.369068099904451
0.24829781569826803,2.956769098978193,-25.46961676085728
-0.18117669561751915,1.5826101596083966,-3.865941101296805
0.10409436170396047,3.01636535373135,-27.3777829535234
-0.12774694172936663,4.392052221353107,-84.58196078945308
-0.41106848091616466,2.652620138957401,-17.837875456811854
0.8969066139243134,1.6169880377247348,-0.9048049208266233
0.5272115883195216,1.5928673727580307,-3.009444178976017
-0.7197736484670949,2.6639602798406083,-16.51792370022482
0.7369359517958256,1.9800748093895821,-5.212404027890338
-0.025137603500972716,1.5700562889845577,-3.868340905164357
0.7891044537881828,3.7686408418505306,-48.339978416224
0.5997105118946304,2.875569026645672,-21.493684928941736
-0.1495729910615331,2.3677343159179634,-13.17131510097918
-0.9550613833597652,4.200249549049442,-67.30990864090951
-0.46264528123010784,1.8484168806015768,-5.623136402719199
0.08326842932173384,4.367756486865957,-83.2638403590776
0.26695643965229454,2.4419001521320585,-14.193676179117169
-0.48422462913359543,4.165211016926044,-70.42244905550788
-0.7212878518543517,3.3088286294383846,-33.15858112791202
0.6698604735985982,3.9801220792244623,-59.17815292262914
0.9688043614071042,4.452039489631392,-78.97583200596185
0.05138036460537165,2.365216313456237,-13.2189834181733
-0.656641428303393,4.3834064562227795,-80.72694973234519
-0.4553853469612621,2.668445684707261,-17.988634386640513
-0.9632186469050665,2.656535714210767,-14.71190541128314
0.828597613120998,2.521161312763517,-11.994321380888906
-0.7644978342197177,3.1242228220427557,-27.289683553622694
0.1530329510285071,1.9624351295354612,-7.462134504631685
-0.451889558625588,3.1611344560740333,-30.389736913623317
0.10835600503158682,3.125114437230012,-30.44627460442605
0.30284077670372844,3.78570543781461,-53.532918470239146
0.6594836074144033,4.000949885812757,-60.278608367589015
-0.5871574564787936,2.821324050937272,-20.714470972935064
-0.978008342683039,2.4069997480544814,-10.276182004479821
-0.7262287398623855,2.2780046919512835,-9.801404346515655
0.8000372836962102,2.0838715101146157,-5.869578941956671
0.7477801551250305,1.6729427465970748,-2.3930513433044704
0.1948262043406166,2.52734393650414,-15.944069818064893
0.20103372086730675,2.3107430763923498,-12.143390212748958
0.33007334909251096,4.399252157599222,-84.14602862042591
-0.6492574427531008,3.173126478750132,-29.547874709147578
0.8288238918499196,2.5418311170915224,-12.360953770829777
-0.16245895021585377,3.2414028029810877,-33.88960898039843
-0.2337229435010051,1.9175901040370866,-6.854535219652967
0.037835410565675076,2.8321312476066085,-22.708269762508454
-0.9060680664498899,3.3787029642631916,-33.76632501568834
-0.6674332624878412,2.966693495377354,-23.764861885395135
0.4760672328527409,2.7053364019629726,-18.465767106144686
-0.8344026641497471,4.481545166699094,-84.349042052247
0.2063042189327764,4.140944286446781,-70.64523952172136
-0.5093017806373581,3.37021787447832,-36.663893345367306
-0.2214087719160469,3.2081320835468485,-32.714769763327226
-0.42261252645860026,3.361981439473752,-36.874774895991635
-0.28865456707010173,2.1039363234672996,-8.986620267803772
0.438091810368491,2.685413229792956,-18.250834347270256
-0.40575656875364996,1.618378598672698,-3.772683761147836
0.13280928059379438,2.92663811246048,-24.961687502125688
-0.04789919560180067,3.1290737518729896,-30.622833597139426
0.3273423307252963,2.1832492083096287,-9.903666567545411
0.873659478649516,4.392086541496541,-77.35357347455339
0.4651441944205006,4.228363832811726,-73.66884528095274
-0.5701192428184865,3.6664297063677176,-47.08860583249997
-0.9376337298774307,3.1001598862960877,-25.168882426392116
-0.47547191140034983,4.109907478943055,-67.67105144459306
0.19015586140050966,1.8919570314703886,-6.628563465414259
-0.8971483730314993,3.871529382824655,-52.51924288181063
-0.007267505597527313,1.874462441900545,-6.585931320451661
0.19368569783377843,3.8826319876482165,-58.231448408983404
-0.33151221836607836,2.3273027047540706,-12.130348338159399
0.5418244074916438,4.131271743054567,-67.92536226519489
-0.7868034937324564,4.332126281476194,-76.42578049973018
-0.8497244365283825,1.946387908215347,-5.176567030410295
0.4563775124072067,2.8880268151961808,-22.790068575956685
-0.009017367587603076,4.442962134488056,-87.70296209500333
0.3768047928554721,2.95022230791944,-24.78692384538898
-0.13034532279250755,4.090642567543636,-68.31339618097346
-0.5071959335217864,3.2661945663939598,-33.29388446084127
0.6382046353483994,2.6259897237588055,-15.709255435619008
0.5988317579379585,2.3573506665776107,-11.194608320185162
0.3893929417088535,2.1096692732582616,-8.690706908547972
-0.4557097255400746,3.7853945741330914,-52.764123489144495
0.1804613337381742,2.6596215204690834,-18.633958249808845
-0.2780522061199464,3.0338263866022537,-27.476037604672488
-0.8168358533467317,2.9769764400035457,-22.955531044165376
0.8346271509244856,3.2318370876993936,-28.67178335423021
-0.7263627381620772,4.0967314368736565,-64.81663458978785
0.9004747076416049,4.442218030750288,-79.72548477633025
-0.10798845408408853,2.722752625721451,-20.122561441860306
-0.6297341423227607,3.9825567663189094,-60.25741528457709
0.08380189475671629,3.793583383964153,-54.54062994769009
0.7458916717528166,3.2205868543667195,-29.405950202703004
0.46444977281912236,4.3681414308357995,-81.36229647000945
0.6131222957228994,2.1014235465852082,-7.469432137504626
0.3175667334214347,1.8277926309288643,-5.705650028098283
0.38455312903570493,4.061885900866266,-65.75849810599233
0.6983913031306386,2.817449449901245,-19.27590912685557
-0.5006639822816281,4.040906562621181,-64.08333924230537
-0.021150072713719048,4.179270615586245,-72.99267685391904
-0.5575811163607955,1.6873727808572143,-3.928486041504325
0.975336015993294,4.150394288958182,-62.66955386478213
0.8881186793732265,2.8449571661082667,-17.83800600708782
-0.9211463772629882,3.0312974670126964,-23.491304200838947
0.41115034503137693,3.379777533279631,-37.39467878281385
0.8504966348313316,4.279147820190261,-71.55013122481995
-0.6388493097453329,1.5573482832892922,-2.766625555886455
0.13589046110525893,2.9305304049534513,-25.05667888746537
0.8309765951760837,3.563166127291682,-39.74380415340234
-0.9321080428284023,3.6681208730946855,-43.790898504922886
0.39484053449367984,3.5775972946113237,-44.61334860231341
-0.40530198525489847,1.9033053882243656,-6.336127694262584
0.8487923907530608,2.3981867651150437,-9.725639519929898
0.9421164903307355,2.5761465762510403,-11.687379755965118
0.8885329782268678,3.913311623038515,-53.04794882494919
-0.051571566685072456,2.336279617243659,-12.739597029390453
0.7240853019786269,2.1321148916016095,-7.077039518135361
0.6890987970701408,4.372344057114288,-79.10811653361306
-0.36179905351348873,1.5265898553404067,-3.205384075639815
0.6578309483013547,4.493462567045935,-86.55474087247053
-0.9259847305690148,3.530463896572187,-38.74392803647208
0.19253975696410608,3.985407898347351,-62.99950285777427
-0.5399823254245939,2.3838581890385795,-12.314214768950173
-0.7588662284454424,1.54294583300118,-2.333180485443754
-0.8460935967415817,3.71360855568459,-46.502703862924115
0.3925775517562795,4.002433791002027,-62.82270288443934
-0.3202500724638677,3.721428395860557,-50.80767559178473
0.4495335430575229,1.9285508619025158,-6.302588867806675
-0.8692873184021153,3.7602837667709075,-48.14330290482572
-0.36941932433877933,3.806768346322923,-54.177117999438984
0.07898258475067443,3.4756215470101646,-41.94146131231873
0.5814463296779271,3.7983477983867586,-52.03559287364087
-0.36249499413586017,4.037764319033196,-64.81634206151998
0.2517827528740182,3.3408123427123755,-36.8473568471054
0.7719554964723743,1.7658141419090372,-2.9414129707329586
0.23172637636460913,2.9628834290016326,-25.679560595260888
-0.5340810504927325,1.732948004014815,-4.367952945303617
-0.951198436886924,2.7226290930972925,-16.11592918066915
0.7401977478018598,2.721319467376883,-16.765416931293025
-0.9574611782992257,1.6980295324207249,-2.6603953471704824
0.7494033453683988,2.546461601908438,-13.231363447950626
0.05787426805442397,1.8329942963739445,-6.146146225183665
0.8781353970257924,3.9247056300276664,-53.72347301105481
0.5975664715473308,4.343064077893413,-78.60469302228178
0.9958682210666749,1.7169494257738158,-0.6681844749422359
-0.2985763690965797,4.365345621875104,-82.43537942664517
0.5343765778622538,3.0677297980102356,-26.96567391579197
-0.19613817278151569,2.398697033861622,-13.624485811016665
-0.04024875939218231,1.7305862258284905,-5.177440561096399
0.25501092643674017,3.0018728042112537,-26.64358676559385
0.7473542283726775,3.883546633472246,-53.815750383698514
0.9681669383985902,3.6212594318000946,-39.79119400624067
0.5365468277290364,1.6506780343919214,-3.3928000476165505
-0.16446643566533248,1.7187055061037104,-4.988437192158583
-0.15728599544585964,2.7086198478979115,-19.741993172047625
0.475164603177783,2.3858714821438296,-12.396639482455727
-0.5224457084633953,2.1971529691681435,-9.549892201465617
-0.7790517737372107,2.3430134967261407,-10.49124197514051
-0.2907556847184469,3.9104482298906538,-59.16044152845761
-0.42552201669183654,4.287684160895562,-77.35011079529
-0.4073837590880198,2.7153080835826993,-19.18602618656883
-0.5327844979001801,4.218333006397492,-72.81883326753467
-0.9158136207272762,2.4644871037436458,-11.602650823307492
-0.9642521305331724,2.929310959031375,-20.585317361642296
0.9754447794720631,2.178086993447999,-5.259986445773635
-0.1444537325282753,3.421428126527532,-39.91204597877496
-0.23134670568063664,4.436943345524426,-86.88517547099613
0.3592945653861397,3.3104792881301357,-35.379347747221544
-0.5634922242698717,2.5734422523406466,-15.587556896505655
0.8999223679004507,3.443452337971585,-34.524025962823
0.5726900288311041,1.8687620353961627,-5.112586885474302
-0.821177995375481,4.165977240796196,-67.2372946123846
-0.16483844843014328,3.009251852339509,-27.091517057373007
0.7582366151243294,2.8480492261189263,-19.390877887179144
0.8894640445828206,3.2575943653605575,-28.71117066883323
-0.06519697750026054,3.3743515883682074,-38.39279697237092
0.2268227784214154,1.715327418679539,-4.8589184591922825
-0.6659321078158495,3.5478516636702073,-41.8063187446522
0.9823372522739531,2.225795040946589,-5.7832862978759625
-0.5366565972331132,3.6418578975197695,-46.35927580110489
0.8854635482702513,3.9676043831525902,-55.541759946763236
0.2992932979847369,3.911875522657561,-59.13489809700917
0.21547358975771824,3.1575029022236674,-31.176547273271055
0.02537702203301717,3.0605096769322535,-28.66297737983374
-0.5386603765644826,1.9286278840182352,-6.2108278637391
-0.6469439359889835,3.8260384512094068,-53.07582904344738
-0.5590275818596493,2.314228141340143,-11.122455679481657
-0.627123475711491,2.9900862684538394,-24.62794504826416
0.5591689471335066,2.35282227878255,-11.378540509021862
-0.2997494816665398,1.9014850889990793,-6.560332578500942
-0.8843146468732073,3.38867309067521,-34.30406627774127
0.9382052602816227,1.6629961044687116,-0.8456381820076464
0.7675717699268514,3.7459357023786,-47.69691162740943
0.8555045663904259,2.4527603857833498,-10.539462996887025
0.9898156452928706,1.5004040790134558,0.5320255903361599
-0.6522095015610254,3.0333874177116895,-25.608297148147095
-0.2075159621946825,1.6405557255828094,-4.283071701195438
0.5164769514081826,2.3285086734626983,-11.245042214570876
0.39204123610758446,3.6209294623671484,-46.30117507821049
-0.6922081873202899,1.6880688648655977,-3.524270678389263
0.6316662499812356,4.0180154770680065,-61.41021273669284
-0.5511188563266787,1.5114597679757493,-2.70218095837855
-0.5523647703547538,2.2404716076057065,-10.047888356540158
0.07394884578682714,3.7227121684562143,-51.55040714783883
0.1858798696834063,2.4488104491879206,-14.509072870524884
0.16017241567562235,1.8056771641980407,-5.7905969787538645
-0.8170263252044903,2.5807017564012837,-14.287518463293406
0.7549217252607607,2.311179859153577,-9.280738867150461
-0.46879991482258787,4.028135706481665,-63.69251149350653
-0.7409701574343917,2.4400437527554293,-12.255037836369246
0.7774961597379544,3.866797415328022,-52.67187080131757
0.9113029964595067,4.175616434432204,-65.11281129727692
0.7242552345309012,2.8014522587295887,-18.66729075293348
0.6190321494497562,4.229829431563176,-72.19884979963803
0.31048396127804345,2.6319541618895785,-17.694654330482756
0.10171474121827861,4.392235249470325,-84.64188318451384
-0.8260264801771797,1.7678685735767188,-3.6763353821090217
-0.1830935738586026,3.561057799509728,-44.92562771785093
-0.25462296597537204,2.981442121370786,-26.131947564977164
-0.4804924324793476,2.662946416366941,-17.765036275434795
0.4468402273771699,3.3981356362458026,-37.79317484396648
-0.008248529842458385,3.6115712749029933,-47.10684788838462
-0.8379075681847041,1.5130898089509273,-1.9277675589779422
-0.5596335961003773,2.000859266241596,-6.932289863953361
0.36651752731919185,3.639138151902956,-47.16733055569005
-0.8477382810193996,3.4991562407346195,-38.42382647905201
0.7024138280975374,4.398142515386032,-80.3896455281834
-0.00970694597205135,3.783113370752349,-54.143005198082705
-0.038826845346704,4.352318123194014,-82.43147528264011
0.1848155693190352,3.607621504604421,-46.70018960356418
0.6493619318502983,2.3941566259183293,-11.43036265108774
-0.3043815841956139,1.8160947667525695,-5.6815288801816894
0.3560323051181271,3.8454715900348067,-55.84546810311293
0.13146392799158213,3.4324476644277477,-40.31914181592657
-0.46594345966115736,1.6445580371798887,-3.8349040889722854
0.757259972710316,2.580151397702935,-13.783152496859444
0.5948520432138562,4.370399446452859,-80.1729293464923
0.316903669316851,3.0012034371306036,-26.39787052614331
0.7011634581884838,2.798187408059114,-18.8133354592675
0.7345884019196047,2.873098815477882,-20.21939706998987
0.4167259534300696,2.126648172015491,-8.807049525438982
0.6740266567273441,2.6061215125943855,-15.026234230439822
0.3949429233385673,2.60943976796153,-16.89249085025763
0.3602815435206008,1.657065060562417,-4.0731274265563275
0.2372227564303686,3.802702885553755,-54.54783123867316
0.5054332791152825,2.749513295711637,-19.251918721774086
-0.6827897894138526,3.96653966044927,-59.02720264147904
0.7617415183978569,4.051044003359686,-61.33827270883812
0.743687055490464,2.1359821640959744,-6.971238829190678
-0.9415054339308817,3.472060446510386,-36.53548277431557
0.6516335011295253,2.916845412488945,-22.062644565469355
-0.7422602650531096,4.140470213764456,-66.82868646845289
-0.3297622914817162,2.1472220375293625,-9.468769298377639
0.48701651258321554,3.5334396009301328,-42.32401251313657
-0.6784802079033836,3.3232563667581676,-33.954855985253616
0.6359340482381244,2.385904432715498,-11.394899586759449
0.6642683559154838,1.9098027109535178,-4.987191748515162
0.014935467521672408,3.4549192814318297,-41.237986127024115
-0.9872282565663328,3.715792374396992,-45.023568741306015
-0.42592373365017444,2.44688203129005,-13.839534100814655
0.2338538367514844,3.434497812066941,-40.12412627781048
0.962372356054847,2.68539272283451,-13.499743125584345
0.26362705403333675,3.639620649847853,-47.689243363637964
-0.4803928378716804,2.0976458246821594,-8.37257492470687
0.2680114061992227,4.170645007908523,-71.92695903759305
0.07997075943171095,2.362228789396739,-13.150805709261057
0.5596907903022872,2.6033579632684587,-15.837838779716039
-0.7860387223460832,1.6742758562410494,-3.110063218971983
0.522055805004056,1.8345366369638292,-5.0319185081010005
0.08253315735222055,3.0475857081369844,-28.263220662788093
0.9259840077179893,2.3027780301839145,-7.468141589567156
-0.3162556679226278,4.006440677226584,-63.5398521671255
0.26524378626789624,1.5440801659648615,-3.4454442595045798
0.8640562110200349,2.6372821460158087,-13.75992348656948
-0.7949805440186415,2.512036640307278,-13.179013843542332
0.8744569744729023,1.5579828927528032,-0.7303320120181067
0.3757714446016267,1.8731051970015307,-5.9897917535050835
-0.8643258817896562,2.740928024755906,-17.142164264797902
-0.3980728661063675,2.9785937533423397,-25.545237116289297
0.41634417729056317,2.7128692417646074,-18.953112888041975
-0.8652987970624566,3.0928130352362815,-25.600727275576695
0.16434092035254655,3.2853950247170447,-35.280062064344
-0.30823388609408653,1.529771463383507,-3.3185755726421244
0.24183103553495422,2.8922854783605114,-23.842442383966354
-0.9085159323749743,4.390497722662765,-78.13534471340895
0.7430736123047526,3.0570968403886463,-24.784843580640832
0.9469779383547938,3.5326268023768597,-36.90014048259633
0.937755710571383,2.4355915737506497,-9.339889966949308
0.4993036634858494,3.8219741344582876,-53.79928826071845
-0.7398275197387361,3.818764445628345,-51.913475687458515
0.5165263918580452,3.063888142962417,-26.989279163302086
-0.950826167082397,4.428041469837641,-79.67614144248768
-0.9557528969420055,1.87665064428796,-4.053762719463805
-0.3527795617009175,1.550842994668743,-3.387843385296604
-0.0227136191906685,3.810474635271288,-55.32309313989367
0.5408148356155864,3.9214666120946475,-57.851838555292254
0.3665907532130104,1.8606216873617287,-5.891951482982419
-0.10819458724650333,2.296748498875818,-12.06296633317449
-0.45274666743666825,1.5526570900998866,-3.1993367437321774
0.9942490003154223,2.3799258323416943,-7.7919043795342695
-0.1476373955280541,3.8194256217560145,-55.55454261513658
-0.09722595134064904,3.053881583137737,-28.424271279319
-0.6727523576166616,2.5442867795048643,-14.471592026648395
0.5896190974998587,2.615217884718991,-15.863082548716516
0.3873644515629773,1.5040608771464044,-2.8929883539321404
-0.5584607744224792,2.399401582695708,-12.49119057170032
-0.8352379087683146,3.4393762249137914,-36.46935259816617
0.3609986041494262,4.422583331449071,-85.30263611298567
0.30902242856227047,4.041182480951699,-65.1958465164583
-0.45348094600358135,1.5707848939365874,-3.3229080124006964
0.9017271245008207,4.195681814024518,-66.30339465147371
-0.6978842164381995,3.8495952398958777,-53.63869535976175
-0.13533039791479617,3.841128370712941,-56.534817380080405
0.8872318403351978,2.8739872770107144,-18.51546433889672
-0.1605453661477554,2.6940158788635085,-19.417679622549468
0.2770518953281711,2.408747186499578,-13.584657024936403
-0.20481120407441145,1.6970845768630973,-4.753980600029437
-0.45156959530265994,2.1847060904810975,-9.628565360399852
0.9679552959196565,2.2398109049340738,-6.132538801209135
-0.18133198736991396,2.9522312091306047,-25.542486452022615
0.7881984073582688,3.742333219790082,-47.27202057156704
-0.5400907882178276,2.9214294851938396,-23.38686380220845
-0.5737905919498334,1.6735333483414818,-3.774026714583178
-0.9377318342309773,4.373369402964611,-76.77985738459392
0.3033336507517701,4.328172957282337,-80.25562343465351
-0.2629473125524777,3.855568629445225,-56.799628908871554
0.7287164996792741,4.473983704692662,-84.41504233692831
-0.05358018661688568,3.133446998400789,-30.747880899499734
0.9363868558294435,4.388305050759618,-75.9900078056561
-0.6289489685937577,1.7268151218502523,-4.031795152531807
0.7372463359112216,2.597042244784114,-14.292215881063312
0.5531937055834835,2.1761438040202976,-8.804159175306145
0.541843689288104,2.08749925240281,-7.711758328581267
0.6895664562337753,1.9224088466780282,-4.948453086394157
0.5220479818859978,3.36724092469799,-36.201174521196194
0.2524406432628308,3.843965567241915,-56.29269888538633
-0.7375102446352249,3.234895198261082,-30.73380303874365
-0.9349476410174962,1.940888128764629,-4.735513548077426
0.8416956956313737,3.9333713098004126,-54.68529222699523
0.23330062904147608,3.4078641214911856,-39.19368614656513
0.5930745819523526,2.6644971183809867,-16.833703468701582
-0.036955296974899854,3.5223908866081888,-43.69356995610191
-0.765383622075211,2.2797149377284986,-9.625308791429886
-0.7496284155948991,2.5355766254826317,-13.873149879369766
0.37113057445794273,4.25245752939597,-75.67630147688648
-0.1393882102010746,2.371513517014261,-13.248128676303882
-0.5989505465993266,2.90996480447381,-22.768293689602807
-0.016810906517126245,4.170423412188044,-72.53145083212695
-0.8715821258497318,3.6231640508025826,-42.719815498007385
0.16394280382879756,1.6866096784941083,-4.702748778601577
-0.46201319112980466,1.9419091328369111,-6.592555386707442
0.5951182012743763,1.5235247723157506,-2.24636480651221
-0.37927608215285247,3.3927653706874903,-38.13209459091493
-0.08955970183639761,2.843020276231255,-22.93457372929305
-0.9767589201837987,1.9028245527068266,-4.1907101246659915
-0.8551062244108822,4.373802363170311,-77.90043521719022
-0.21501288718663036,3.0889791718368595,-29.19872755263779
-0.040122330565752984,2.2256798823386674,-11.01814002203343
0.20004109623860744,3.0018107134641228,-26.80067028733515
-0.41667484258139353,3.5388609982053234,-43.16258004999795
0.3899637722530851,1.7287176539206934,-4.581131044940774
0.7202447943784092,2.324111445143676,-9.76876767297814
0.5597019777866996,3.9208964726519806,-57.6457188617647
-0.9207623493032857,2.878994611207984,-19.76184651725125
-0.038986105484342115,3.1397314260968847,-30.94171558261688
-0.7901396431636503,2.7984480066284076,-18.914560056341806
-0.5159099682749451,1.6316998279290154,-3.6130295928928233
0.9733251865342929,1.9972493394604678,-3.260710300364127
-0.7150089141969735,2.8366249162256727,-20.28989486940472
-0.002223693097287871,2.1275563962237833,-9.630354953723304
0.2363114686362382,1.6499370859790363,-4.294139564879244
0.4049299410882079,4.030948992155471,-64.10878433018132
0.1192973669738282,4.4435775874923475,-87.61195732901204
-0.9804583051616327,3.8794286219902183,-51.86920588859111
-0.3470773835120162,4.061354765114001,-66.05375885472982
0.03542328676942286,2.225931390951136,-11.023348630233752
-0.8242670017103333,4.3818809265395995,-78.74175128642372
-0.2987461375816385,2.0907771133602853,-8.792978585385702
-0.9335937824172669,4.354289431085497,-75.77995907165608
-0.8428430056899585,4.484457881897853,-84.41143882634974
-0.20615344759680787,3.6351684172381464,-47.73652673579345
-0.7345684919138793,4.4434311953754655,-83.33256114580631
0.1350816965231163,3.208619338701311,-32.91393932402625
0.3789299382745315,2.278625349528271,-11.122151171208213
0.6011733982181657,2.8109876569968626,-19.962340356629294
-0.5996995115103798,3.2806828061363578,-33.16554365245439
-0.6650348354818605,1.719244686081045,-3.8551279479504723
-0.7908643193311995,3.367029793851738,-34.45437638269341
0.2728604990872734,4.443533510286883,-87.05554225114415
0.4129514529738023,2.070322949351183,-8.09737510587002
-0.9368277103487159,3.87778534886515,-52.32666475622909
0.8724244924873796,4.223696381338858,-68.25555973667844
-0.8960574326970552,4.331104778460663,-75.00930250170572
0.08259267060214093,4.380406813216341,-83.9907618456208
0.41812103890183283,3.064378916164416,-27.631239938993225
0.7419382474921712,4.431923723974511,-81.76389531036695
0.4281738642648556,3.7719306214033166,-52.203458369206686
0.6034561661395836,1.9850143087108858,-6.156038544197902
-0.3210996149143879,2.93070031940391,-24.600565297121676
0.6296502274930245,3.654993526116012,-45.67923301767403
-0.8397703072306497,2.24202094745725,-8.699880413177702
0.7896333121210553,3.421845550646662,-35.3069455505057
0.09518475230747248,3.499801437139858,-42.80342348047521
0.6345955399249874,1.9880992314256978,-6.001219095590989
-0.09536343096339972,3.1952559373582687,-32.56522910969169
0.28715539039304994,3.814880732935823,-54.8663461608811
0.05280532187222642,2.9966869936078258,-26.893788396563064
0.46317904351066375,1.5363093503283223,-2.867516888936241
-0.8367400359388208,1.5271154072378765,-2.008817099414109
-0.8792958320188724,2.5710880319100364,-13.700267728539805
-0.5057935319797071,4.278582205295346,-76.26510377713281
-0.6809106397736233,2.186030338810826,-8.735083575427325
0.7435671331844034,3.4030910666150613,-35.237099090507115
-0.5615720252839114,2.166227612079962,-8.975916632521043
0.9517305116382626,2.465009968978646,-9.65043992088989
-0.3262084164577863,4.044126268804452,-65.31553825008304
-0.6357641686226014,3.6865843268098404,-47.380781199272015
0.5793970142849583,1.7861978319396319,-4.305108456948395
0.3174155510017522,2.786106062959301,-21.033437977128738
-0.003608567093722037,1.5875092909357935,-4.000776993786953
0.11072710187526247,2.942670439809027,-25.40797881919737
0.4384035565445277,3.4873020351032045,-40.9852778891703
-0.5430905173374025,1.8555078707944546,-5.453974575584967
0.9926678321134839,2.366654816727497,-7.6134462036214465
0.9495863242935663,2.6935098765064707,-13.827594312469497
0.30065137269387376,4.258593073968149,-76.43514896460931
-0.6009150981417097,4.479765046268892,-86.88295875464063
0.36045648486258264,1.6347338969868477,-3.896957175741453
-0.8556031820416483,3.783023770486176,-49.227443779709375
-0.9386949955883879,2.61517219920703,-14.103911665463672
-0.48463422297757264,2.67737455868844,-18.048470999348535
-0.07475408652136739,3.762794920041068,-53.23436795860019
0.736545010816761,4.2552792964362265,-72.03551205359169
0.45433813953261604,4.352785783507645,-80.58030089273313
0.4854130423999621,3.2313677581149625,-32.10393096751475
-0.1490133311038493,2.5713634779015084,-16.89073896611438
-0.30813001490607417,3.862647257576338,-56.92665035465985
-0.2579224740307946,2.253004149786901,-11.153711797636735
0.9752991274721157,3.1922220865005535,-25.528993226484268
-0.919781617175035,2.5757353845746196,-13.508490226940394
0.7340629922448971,3.469893221123628,-37.643023900065764
0.15735081714478683,2.2211967386805207,-10.844865205460724
-0.12276916162081908,2.0747788372044775,-8.870622615489284
0.450515320830273,4.254717260026311,-75.20297760650388
-0.0266621171505943,1.8054110488486108,-5.882205795872395
0.7468464761633211,3.017873723204795,-23.702278541497883
0.801403728022517,2.1625583488890268,-6.821049968356305
-0.15655814625308917,1.6167898899770023,-4.150885015426675
-0.44634440552989685,1.608056454874279,-3.6063831472196974
0.18470065718672446,2.025665316317482,-8.167443571516063
0.8247266912333819,4.100311063518001,-62.79787947626376
-0.5786756219886668,2.3474362319310798,-11.557073882019486
0.24593316712696556,4.351377511725888,-81.84985305661829
0.2631204401850411,3.2448668789675805,-33.69820992043499
0.46622604483056196,2.8098425693062983,-20.861437361581615
-0.7368646297454804,3.240266504008364,-30.90198100040728
0.4316499293641771,3.0500951556788034,-27.15825731352156
0.818065041331282,3.7763287612719756,-48.250994299753714
-0.6406337822595161,2.347488197918557,-11.2723557694634
-0.5249133501522447,2.559151174800907,-15.494897990205494
0.9427901880832792,4.1822829075997525,-64.88148653202454
-0.6380460945810205,4.339369539451217,-78.43749508770378
0.7087701867391583,4.177674682459424,-68.35940577063995
-0.01544428710393042,2.7583439818719406,-20.985441861748804
-0.5055378511936459,3.841096509020645,-54.83749677013834
0.7414998025450228,2.9290071999032965,-21.49963857911563
-0.10938948999466902,2.9926195564383065,-26.730907088137602
0.029634707859380383,2.114040327171852,-9.444259026852073
-0.2815332612004686,3.273390909775549,-34.578082091527676
0.18590170286985486,2.058407693260044,-8.572860819786758
-0.6729522548299545,2.4946940972015814,-13.570963689924586
-0.21783692669647858,4.0650906048598054,-66.80000235762708
0.938824644670575,2.1212274276325656,-4.9779504196802895
-0.4837331345977449,1.7134748555202983,-4.3420494164147305
0.3134733290825844,1.707022777838449,-4.607852747689533
-0.34961987155061025,4.322353561509324,-79.73946697280762
0.5469462513732013,3.0207613138855036,-25.593501917740856
-0.7382526785633003,2.728236215451055,-17.735496486598546
0.9396420901570894,3.9326357430237553,-53.04656709019204
-0.0924209172327215,4.007477783731548,-64.29193371674994
-0.5278990733070721,2.496573099346814,-14.316470049513944
-0.8530065053399747,3.5808541724213856,-41.32522383123187
-0.6604841898249185,3.8133684475556597,-52.41420723606092
0.039547897112035324,3.4639520605978635,-41.55293830371235
-0.3259936471374274,1.9547852244002981,-7.088763147494603
0.6577667317652189,4.127649250551171,-66.46847524078494
-0.13822495267638812,3.1172836582080263,-30.175593614510127
-0.5025714548247402,2.347417279110011,-11.876259069210963
0.2342899732080601,2.775684556313082,-21.067467618440606
0.4135544337708916,1.6127132711967223,-3.5720508076588517
-0.6659161841981003,1.8836004036672527,-5.3076737691705915
-0.6647615674233647,3.796640251547583,-51.664816800619896
-0.9266571461329141,1.5000349042660983,-1.5948097027610904
0.47280403013128103,2.7496974854468768,-19.45496528740701
0.32760905524361017,3.0675305432567654,-28.17105252350138
-0.05073824850037223,1.6639032600029169,-4.598203015954242
0.6883408979383943,4.419234488916999,-81.79210158317146
0.6113403059001064,2.178375993749016,-8.480335703849809
0.1707087287935043,2.4125961589088427,-13.897218098766668
0.7365425610265173,2.411827536765082,-11.013009596849564
-0.5883175799264635,2.19124998635205,-9.208221237654314
-0.7761607612045442,1.5044214662589344,-2.059908221623587
-0.46050077696602076,3.688034382263989,-48.696637595059116
-0.8858262878213703,4.400536499397856,-79.00416289383918
0.06233905600206402,2.172880449855135,-10.241927715800296
0.873211384589923,3.489141575410267,-36.490439783061596
-0.9213129186629807,3.7256889808761455,-46.172555104694055
-0.7557801719799464,4.045276137271574,-62.00829781360503
-0.09560194343312944,2.7678875910408274,-21.155623440747927
0.8677500350558098,2.4087927169212877,-9.695494017699996
-0.367687790046499,2.4758854020690935,-14.557456675149071
0.014469617376784871,3.6378639992955386,-48.14216400052832
-0.9168542818992158,3.950338399516908,-55.7749627171106
-0.7033135980758223,2.044841903269808,-6.875189702911451
0.9732602459176938,2.6128230244732955,-11.965511455848187
0.9302373928720911,4.20582059024745,-66.31253649391809
-0.9901200381311808,3.9200805590842176,-53.52464833747061
0.9036235708464779,4.4545752082874275,-80.38072735011339
0.2782398756310007,3.7627447790462423,-52.66973010219138
0.7358365890400442,2.679585603083767,-15.939728880836219
-0.0905202887322818,3.271913501983913,-34.974323686108505
0.031192057158500486,3.483042762741961,-42.24802794540349
-0.022306839486159635,1.7353674489513717,-5.224343469018329
0.3337285150922087,3.133490877311595,-30.03185852911243
-0.7206974904873742,3.6279624854178287,-44.35721882519369
-0.9400528202546441,2.0019639120031814,-5.316045882295015
-0.38414011681761817,3.8418951522766713,-55.62981797961822
0.4093615254732934,3.251318341542335,-33.211625949642965
-0.5962930957541033,4.356665357092783,-79.80569254451885
0.3468648666498346,1.627266894620675,-3.8756956159861464
0.9398240922145409,2.295978412666401,-7.217236545554525
-0.8121985684211632,3.304661637899472,-32.26534189696861
0.34520423645025256,2.389679736617792,-13.035758027020067
-0.1124995613908577,3.6432724922137267,-48.26794281367126
0.7362845087550107,3.777015847565793,-49.38803291101881
-0.6457004211052282,1.8075478921994232,-4.66764644400671
0.38525190445232904,3.0415633926203034,-27.17780055256506
0.6762305792962204,3.0266716667731677,-24.649204351635028
0.8892284389480465,2.6078423106466233,-12.90820134463597
0.36649605657929163,4.298774587709016,-78.2350009354893
-0.005650471983145389,3.9825189596196635,-63.16431763504425
0.2356944804024277,3.5916281457289103,-45.919121945928794
0.7378099689574364,3.6429799072049924,-43.979240923892256
0.14121949327765937,2.885148431439357,-23.898317553267724
-0.9392258806063263,4.262983563289728,-70.77871553957824
0.8618973910139556,3.5837862817598563,-40.06361636567719
0.37905350206312227,3.686943184967449,-49.004692237889195
0.353026771554493,4.085072711362036,-67.10872917823175
-0.5686496952045657,2.322214768026573,-11.205010192934765
0.3177709404653144,3.921212711600109,-59.46820699883834
-0.21227118869168304,2.0857218088694762,-8.894984402644017
0.30246595408298416,2.5360258567346636,-15.818574277614374
-0.7868139393840186,2.5068313628095282,-13.136696998095982
0.31569060920607206,4.435576405167422,-86.35146365784075
0.9988274515413331,4.069611671243781,-58.28321321724601
-0.9035759222788879,3.603509584770779,-41.64614296926285
0.9543483684426346,3.6811702848461705,-42.30891184425787
-0.18618407855425878,3.1862183832077133,-32.132006045977505
0.7415069006745183,4.3412720013255575,-76.63675247761422
0.5647709681165469,2.9887762586470847,-24.61131095586497
0.1340325219733356,2.6415531296096835,-18.334919819980964
0.476898418502653,1.9891060107947731,-6.856747780536251
0.7570311226026958,3.858616956783174,-52.59408935846483
-0.19171935669793405,3.703331796226774,-50.524765388169854
-0.3459336768735226,2.6530651155724048,-18.080686779543903
0.33518677112716944,1.575580241877688,-3.519612341405503
0.6156918838825172,4.016991983154032,-61.54019601556654
0.5245702695532315,1.534253950362221,-2.622812778890155
0.595627297717269,3.611099338887153,-44.315329371286325
-0.128833370374134,4.410771329178171,-85.66684961940933
0.6356684323500432,2.8129839844446103,-19.728634911759283
-0.7595818892587831,2.204920214987858,-8.613531288395638
0.08897819592169909,3.614613030130145,-47.16852487443143
-0.9884826790037569,3.951384426046755,-54.93876399955406
-0.3508283401994594,3.139290948233542,-30.20858481965014
-0.26707693025720425,4.401105825768439,-84.6394306041546
-0.20765461678148922,1.6550061649738832,-4.3993620040135895
0.39093441337972434,3.0143867949135843,-26.409187111117088
-0.22288379745930853,3.6553618419676503,-48.48963542969559
-0.1026127547549387,4.087921413447537,-68.22866350612371
-0.5249117382513451,2.03776683572337,-7.4835027553899875
-0.25349641674131984,3.900010445291044,-58.8345336873036
-0.545460745473697,3.158121227155636,-29.78128161219122
-0.8536081524631127,2.6896610459698898,-16.160104478848975
0.2068971867627558,1.8951450857372807,-6.635450129836779
0.3364255971100325,4.095887276726737,-67.74856303911852
0.238980692019229,1.9718196245391462,-7.427701083937719
-0.0730119123988553,2.4293635776272975,-14.312124520457049
-0.24042843964154037,2.3701365958873106,-13.054237587566757
0.7266672991436505,4.114242102572563,-64.91300079006479
